exp_id,rep,weather,start_point,end_point,result,initial_distance,final_distance,final_time,time_out
0,0,1,7,3,1,46.38000488282254,1.9344542951543926,10.835,24.787
1,0,1,138,17,1,102.0835985225537,1.7998704516729327,28.349,57.3184
2,0,1,140,134,1,210.63723564600028,1.9105969075287488,51.742,104.6368
3,0,1,140,134,1,210.63723564600028,1.8597270406039819,54.53,104.6368
