exp_id,rep,weather,start_point,end_point,result,initial_distance,final_distance,final_time,time_out
0,0,1,7,3,1,46.38000488282254,1.9494973258462842,10.924,24.787
1,0,1,138,17,1,102.0835985225537,1.835228907895573,28.359,57.3184
2,0,1,140,134,1,210.63723564600028,1.8219910376559472,54.589,104.6368
3,0,1,140,134,1,210.63723564600028,1.9654980452027297,55.598,104.6368
