exp_id,rep,weather,start_point,end_point,result,initial_distance,final_distance,final_time,time_out
0,0,1,7,3,1,46.38000488282254,1.8952705384282031,10.928,24.787
1,0,1,138,17,1,102.0835985225537,1.6824141266378616,26.243,57.3184
2,0,1,140,134,1,210.63723564600028,1.8592100127844788,51.596,104.6368
3,0,1,140,134,1,210.63723564600028,1.7936335721395404,52.375,104.6368
