exp_id,rep,weather,start_point,end_point,result,initial_distance,final_distance,final_time,time_out
0,0,1,7,3,1,46.38000488282254,1.5647859532605766,10.993,24.787
1,0,1,138,17,1,102.0835985225537,1.924741568934892,28.483,57.3184
2,0,1,140,134,1,210.63723564600028,1.9365545154107358,54.611,104.6368
3,0,1,140,134,1,210.63723564600028,1.8255944203943089,57.358,104.6368
