{"episodes_completion": {"1.0": [[0.963551256472526], [0.9807092797452632], [0.9915431189262038], [0.991711531191712]]}, "intersection_offroad": {"1.0": [[0], [0], [0], [0]]}, "intersection_otherlane": {"1.0": [[0], [0], [0], [0]]}, "collision_pedestrians": {"1.0": [[0], [0], [0], [0]]}, "collision_vehicles": {"1.0": [[0], [0], [0], [1]]}, "collision_other": {"1.0": [[0], [0], [0], [0]]}, "episodes_fully_completed": {"1.0": [[1.0], [1.0], [1.0], [1.0]]}, "average_speed": {"1.0": [14.539266654452826, 14.937684470038151, 18.410834439082006, 16.682849806315975]}, "driven_kilometers": {"1.0": [0.0443003377590814, 0.11736870636652753, 0.25488777456773537, 0.2565266205217853]}}