{"episodes_completion": {"1.0": [[0.9602698240556024], [0.9816182614584404], [0.9907715986923492], [0.9906667748189986]]}, "intersection_offroad": {"1.0": [[0], [0], [0], [0]]}, "intersection_otherlane": {"1.0": [[0], [0], [0], [0]]}, "collision_pedestrians": {"1.0": [[0], [0], [0], [0]]}, "collision_vehicles": {"1.0": [[0], [0], [0], [0]]}, "collision_other": {"1.0": [[0], [0], [0], [0]]}, "episodes_fully_completed": {"1.0": [[1.0], [1.0], [1.0], [1.0]]}, "average_speed": {"1.0": [14.55878866853085, 14.970094952488994, 17.14377220350747, 17.459696493963055]}, "driven_kilometers": {"1.0": [0.04416974717713721, 0.11748613685907544, 0.25515647629553617, 0.2553141118143603]}}