{"episodes_completion": {"1.0": [[0.958009526047872], [0.9823361250113575], [0.9913403373282356], [0.9905397057003784]]}, "intersection_offroad": {"1.0": [[0], [0], [0], [0]]}, "intersection_otherlane": {"1.0": [[0], [0], [0], [0]]}, "collision_pedestrians": {"1.0": [[0], [0], [0], [0]]}, "collision_vehicles": {"1.0": [[0], [0], [0], [0]]}, "collision_other": {"1.0": [[0], [0], [0], [0]]}, "episodes_fully_completed": {"1.0": [[1.0], [1.0], [1.0], [1.0]]}, "average_speed": {"1.0": [14.434428449691062, 14.817274977970127, 16.826321749945027, 16.564828145560874]}, "driven_kilometers": {"1.0": [0.04396085375622578, 0.11743102011012936, 0.2554516080337488, 0.2554342513457002]}}