exp_id,rep,weather,start_point,end_point,result,initial_distance,final_distance,final_time,time_out
0,0,1,7,3,1,46.38000488282254,1.5500500112424809,10.986,24.787
1,0,1,138,17,1,102.0835985225537,1.8588382958986895,28.335,57.3184
2,0,1,140,134,1,210.63723564600028,1.867747346841798,54.529,104.6368
3,0,1,140,134,1,210.63723564600028,1.895713726382029,58.117,104.6368
