{"episodes_completion": {"1.0": [[0.9649457085760433], [0.9820070754982667], [0.9907402092736894], [0.9913237443043497]]}, "intersection_offroad": {"1.0": [[0], [0], [0], [0]]}, "intersection_otherlane": {"1.0": [[0], [0], [0], [0]]}, "collision_pedestrians": {"1.0": [[0], [0], [0], [0]]}, "collision_vehicles": {"1.0": [[0], [0], [0], [0]]}, "collision_other": {"1.0": [[0], [0], [0], [0]]}, "episodes_fully_completed": {"1.0": [[1.0], [1.0], [1.0], [1.0]]}, "average_speed": {"1.0": [14.695683184957891, 14.914973136175512, 17.15693858088101, 16.726705835322154]}, "driven_kilometers": {"1.0": [0.04432381333952022, 0.11749684392831596, 0.25548111291813563, 0.25553295578478125]}}