exp_id,rep,weather,start_point,end_point,result,initial_distance,final_distance,final_time,time_out
0,0,1,7,3,1,46.38000488282254,1.6258182074069947,10.858,24.787
1,0,1,138,17,1,102.0835985225537,1.8367824810815567,28.36,57.3184
2,0,1,140,134,1,210.63723564600028,1.950456721250535,53.607,104.6368
3,0,1,140,134,1,210.63723564600028,1.8275425154896552,54.997,104.6368
