{"episodes_completion": {"1.0": [[0.9579345978365824], [0.9810917424849883], [0.9907691704987072], [0.9910585142657614]]}, "intersection_offroad": {"1.0": [[0], [0], [0], [0]]}, "intersection_otherlane": {"1.0": [[0], [0], [0], [0]]}, "collision_pedestrians": {"1.0": [[0], [0], [0], [0]]}, "collision_vehicles": {"1.0": [[0], [0], [0], [0]]}, "collision_other": {"1.0": [[0], [0], [0], [0]]}, "episodes_fully_completed": {"1.0": [[1.0], [1.0], [1.0], [1.0]]}, "average_speed": {"1.0": [14.61358660113665, 14.9535250614517, 17.764762473996587, 16.651439879552207]}, "driven_kilometers": {"1.0": [0.0440153109767013, 0.11742255554504948, 0.25549182696977035, 0.2554284623523643]}}