exp_id,rep,weather,start_point,end_point,result,initial_distance,final_distance,final_time,time_out
0,0,1,7,3,1,46.38000488282254,0.9794741773423336,7.504,24.787
1,0,1,138,17,0,102.0835985225537,32.52684882212104,57.3184,57.3184
2,0,1,140,134,0,210.63723564600028,71.12106495936384,104.6368,104.6368
3,0,1,140,134,0,210.63723564600028,73.99414189437991,104.6368,104.6368
