{"episodes_completion": {"1.0": [[0.9616612913115318], [0.9816558352362115], [0.9910131222519495], [0.9909859377294017]]}, "intersection_offroad": {"1.0": [[0], [0], [0], [0]]}, "intersection_otherlane": {"1.0": [[0], [0], [0], [0]]}, "collision_pedestrians": {"1.0": [[0], [0], [0], [0]]}, "collision_vehicles": {"1.0": [[0], [0], [0], [0]]}, "collision_other": {"1.0": [[0], [0], [0], [0]]}, "episodes_fully_completed": {"1.0": [[1.0], [1.0], [1.0], [1.0]]}, "average_speed": {"1.0": [14.511164317251643, 15.510071531256377, 17.1570722326895, 17.460360345180273]}, "driven_kilometers": {"1.0": [0.04416231007216916, 0.11759650067934524, 0.25525434214183806, 0.25526076804634384]}}