exp_id,rep,weather,start_point,end_point,result,initial_distance,final_distance,final_time,time_out
0,0,1,7,3,1,46.38000488282254,1.9758412952851787,10.831,24.787
1,0,1,138,17,1,102.0835985225537,1.8489335496286248,26.061,57.3184
2,0,1,140,134,1,210.63723564600028,1.8386635063927486,51.848,104.6368
3,0,1,140,134,1,210.63723564600028,1.7370823605175383,51.471,104.6368
