exp_id,rep,weather,start_point,end_point,result,initial_distance,final_distance,final_time,time_out
0,0,1,7,3,1,46.38000488282254,1.9595844533726212,10.891,24.787
1,0,1,138,17,1,102.0835985225537,1.8606288453048814,28.369,57.3184
2,0,1,140,134,1,210.63723564600028,1.8797091335653102,49.836,104.6368
3,0,1,140,134,1,210.63723564600028,1.778036042269743,52.52,104.6368
