{"episodes_completion": {"1.0": [[0.9582586376873808], [0.9813726457098321], [0.9905755608866753], [0.9910105808360526]]}, "intersection_offroad": {"1.0": [[0], [0], [0], [0]]}, "intersection_otherlane": {"1.0": [[0], [0], [0], [0]]}, "collision_pedestrians": {"1.0": [[0], [0], [0], [0]]}, "collision_vehicles": {"1.0": [[0], [0], [0], [0]]}, "collision_other": {"1.0": [[0], [0], [0], [0]]}, "episodes_fully_completed": {"1.0": [[1.0], [1.0], [1.0], [1.0]]}, "average_speed": {"1.0": [14.536714885129605, 14.920837611741556, 17.73004969214783, 15.979264087871464]}, "driven_kilometers": {"1.0": [0.04403413217287176, 0.11747258345266413, 0.25514034008381065, 0.2555794517165663]}}