exp_id,rep,weather,start_point,end_point,result,initial_distance,final_distance,final_time,time_out
0,0,1,7,3,1,46.38000488282254,1.5965655803007877,10.944,24.787
1,0,1,138,17,1,102.0835985225537,1.8777955978344425,28.29,57.3184
2,0,1,140,134,1,210.63723564600028,1.8686916285917772,51.774,104.6368
3,0,1,140,134,1,210.63723564600028,1.7163807007348162,56.445,104.6368
